INSERT INTO attribute (type, code, str_value) VALUES ('STOCK_STATUS', 'LISTED', 'LISTED');
INSERT INTO attribute (type, code, str_value) VALUES ('STOCK_STATUS', 'DELISTED', 'DELISTED');
INSERT INTO attribute (type, code, str_value) VALUES ('STOCK_STATUS', 'SUSPENDED', 'SUSPENDED');
INSERT INTO attribute (type, code, str_value) VALUES ('STOCK_BOARD', 'UTAMA', 'UTAMA');
INSERT INTO attribute (type, code, str_value) VALUES ('STOCK_BOARD', 'PENGEMBANGAN', 'PENGEMBANGAN');
INSERT INTO attribute (type, code, str_value) VALUES ('STOCK_BOARD', 'AKSELERASI', 'AKSELERASI');
INSERT INTO attribute (type, code, str_value) VALUES ('STOCK_BOARD', 'PEMANTAUAN_KHUSUS', 'PEMANTAUAN KHUSUS');
INSERT INTO attribute (type, code, str_value) VALUES ('STOCK_BOARD', 'EKONOMI_BARU', 'EKONOMI BARU');
INSERT INTO attribute (type, code, str_value) VALUES ('CORP_EVENT_TYPE', 'IPO', 'IPO');
INSERT INTO attribute (type, code, str_value) VALUES ('CORP_EVENT_TYPE', 'RIGHT_ISSUE', 'RIGHT ISSUE');
INSERT INTO attribute (type, code, str_value) VALUES ('CORP_EVENT_TYPE', 'WARRANT', 'WARRANT');
INSERT INTO attribute (type, code, str_value) VALUES ('CORP_EVENT_TYPE', 'BONUS', 'BONUS');
INSERT INTO attribute (type, code, str_value) VALUES ('CORP_EVENT_TYPE', 'TENDER_OFFER', 'TENDER OFFER');
INSERT INTO attribute (type, code, str_value) VALUES ('CORP_EVENT_TYPE', 'DIVIDEND', 'DIVIDEND');
INSERT INTO attribute (type, code, str_value) VALUES ('CORP_EVENT_TYPE', 'EARNINGS', 'EARNINGS');
INSERT INTO attribute (type, code, str_value) VALUES ('CORP_EVENT_TYPE', 'STOCK_SPLIT', 'STOCK SPLIT');
INSERT INTO attribute (type, code, str_value) VALUES ('CORP_EVENT_TYPE', 'REVERSE_SPLIT', 'REVERSE SPLIT');
INSERT INTO attribute (type, code, str_value) VALUES ('CORP_EVENT_TYPE', 'RUPS', 'RUPS');
INSERT INTO attribute (type, code, str_value) VALUES ('CORP_EVENT_TYPE', 'PUBEX', 'PUBEX');
INSERT INTO attribute (type, code, str_value) VALUES ('CONTENT_TYPE', 'NEWS', 'NEWS');
INSERT INTO attribute (type, code, str_value) VALUES ('CONTENT_TYPE', 'ARTICLE', 'ARTICLE');
INSERT INTO attribute (type, code, str_value) VALUES ('CONTENT_STATUS', 'PENDING', 'PENDING');
INSERT INTO attribute (type, code, str_value) VALUES ('CONTENT_STATUS', 'ACTIVE', 'ACTIVE');
INSERT INTO attribute (type, code, str_value) VALUES ('CONTENT_STATUS', 'INACTIVE', 'INACTIVE');
INSERT INTO attribute (type, code, str_value) VALUES ('SENTIMENT', 'POSITIVE', 'POSITIVE');
INSERT INTO attribute (type, code, str_value) VALUES ('SENTIMENT', 'NEUTRAL', 'NEUTRAL');
INSERT INTO attribute (type, code, str_value) VALUES ('SENTIMENT', 'NEGATIVE', 'NEGATIVE');
INSERT INTO attribute (type, code, str_value) VALUES ('ACTIVITY_TYPE', 'LOGIN', 'LOGIN');
INSERT INTO attribute (type, code, str_value) VALUES ('ACTIVITY_TYPE', 'LISTEN', 'LISTEN');
INSERT INTO attribute (type, code, str_value) VALUES ('ACTIVITY_TYPE', 'READ', 'READ');

INSERT INTO sector (id, name) VALUES ('IDXENERGY', 'Energy');
INSERT INTO sector (id, name) VALUES ('IDXBASIC', 'Basic Materials');
INSERT INTO sector (id, name) VALUES ('IDXINDUST', 'Industrials');
INSERT INTO sector (id, name) VALUES ('IDXNONCYC', 'Consumer Non-Cyclicals');
INSERT INTO sector (id, name) VALUES ('IDXCYCLIC', 'Consumer Cyclicals');
INSERT INTO sector (id, name) VALUES ('IDXHEALTH', 'Healthcare');
INSERT INTO sector (id, name) VALUES ('IDXFINANCE', 'Financials');
INSERT INTO sector (id, name) VALUES ('IDXPROPERT', 'Properties & Real Estate');
INSERT INTO sector (id, name) VALUES ('IDXTECHNO', 'Technology');
INSERT INTO sector (id, name) VALUES ('IDXINFRA', 'Infrastructures');
INSERT INTO sector (id, name) VALUES ('IDXTRANS', 'Transportation & Logistic');
INSERT INTO sector (id, name) VALUES ('IDXINVEST', 'Listed Investment Product');

INSERT INTO industry (id, name, sector) VALUES ('A11', 'Oil & Gas', 'IDXENERGY');
INSERT INTO industry (id, name, sector) VALUES ('A12', 'Coal', 'IDXENERGY');
INSERT INTO industry (id, name, sector) VALUES ('A13', 'Oil, Gas & Coal Supports', 'IDXENERGY');
INSERT INTO industry (id, name, sector) VALUES ('A21', 'Alternative Energy Equipment', 'IDXENERGY');
INSERT INTO industry (id, name, sector) VALUES ('A22', 'Alternative Fuels', 'IDXENERGY');

INSERT INTO industry (id, name, sector) VALUES ('B11', 'Chemicals', 'IDXBASIC');
INSERT INTO industry (id, name, sector) VALUES ('B12', 'Construction Materials', 'IDXBASIC');
INSERT INTO industry (id, name, sector) VALUES ('B13', 'Containers & Packaging', 'IDXBASIC');
INSERT INTO industry (id, name, sector) VALUES ('B14', 'Metals & Minerals', 'IDXBASIC');
INSERT INTO industry (id, name, sector) VALUES ('B15', 'Forestry & Paper', 'IDXBASIC');

INSERT INTO industry (id, name, sector) VALUES ('C11', 'Aerospace & Defense', 'IDXINDUST');
INSERT INTO industry (id, name, sector) VALUES ('C12', 'Building Products & Fixtures', 'IDXINDUST');
INSERT INTO industry (id, name, sector) VALUES ('C13', 'Electrical', 'IDXINDUST');
INSERT INTO industry (id, name, sector) VALUES ('C14', 'Machinery', 'IDXINDUST');
INSERT INTO industry (id, name, sector) VALUES ('C21', 'Diversified Industrial Trading', 'IDXINDUST');
INSERT INTO industry (id, name, sector) VALUES ('C22', 'Commercial Services', 'IDXINDUST');
INSERT INTO industry (id, name, sector) VALUES ('C23', 'Professional Services', 'IDXINDUST');
INSERT INTO industry (id, name, sector) VALUES ('C31', 'Multi-sector Holdings', 'IDXINDUST');

INSERT INTO industry (id, name, sector) VALUES ('D11', 'Food & Staples Retailing', 'IDXNONCYC');
INSERT INTO industry (id, name, sector) VALUES ('D21', 'Beverages', 'IDXNONCYC');
INSERT INTO industry (id, name, sector) VALUES ('D22', 'Processed Foods', 'IDXNONCYC');
INSERT INTO industry (id, name, sector) VALUES ('D23', 'Agricultural Products', 'IDXNONCYC');
INSERT INTO industry (id, name, sector) VALUES ('D31', 'Tobacco', 'IDXNONCYC');
INSERT INTO industry (id, name, sector) VALUES ('D41', 'Household Products', 'IDXNONCYC');
INSERT INTO industry (id, name, sector) VALUES ('D42', 'Personal Care Products', 'IDXNONCYC');

INSERT INTO industry (id, name, sector) VALUES ('E11', 'Auto Components', 'IDXCYCLIC');
INSERT INTO industry (id, name, sector) VALUES ('E12', 'Automobiles', 'IDXCYCLIC');
INSERT INTO industry (id, name, sector) VALUES ('E21', 'Household Goods', 'IDXCYCLIC');
INSERT INTO industry (id, name, sector) VALUES ('E31', 'Consumer Electronics', 'IDXCYCLIC');
INSERT INTO industry (id, name, sector) VALUES ('E32', 'Sport Equipment & Hobbies Goods', 'IDXCYCLIC');
INSERT INTO industry (id, name, sector) VALUES ('E41', 'Apparel & Luxury Goods', 'IDXCYCLIC');
INSERT INTO industry (id, name, sector) VALUES ('E51', 'Tourism & Recreation', 'IDXCYCLIC');
INSERT INTO industry (id, name, sector) VALUES ('E52', 'Education & Support Services', 'IDXCYCLIC');
INSERT INTO industry (id, name, sector) VALUES ('E61', 'Media', 'IDXCYCLIC');
INSERT INTO industry (id, name, sector) VALUES ('E62', 'Entertainment & Movie Production', 'IDXCYCLIC');
INSERT INTO industry (id, name, sector) VALUES ('E71', 'Consumer Distributors', 'IDXCYCLIC');
INSERT INTO industry (id, name, sector) VALUES ('E72', 'Internet & Homeshop Retail', 'IDXCYCLIC');
INSERT INTO industry (id, name, sector) VALUES ('E73', 'Department Stores', 'IDXCYCLIC');
INSERT INTO industry (id, name, sector) VALUES ('E74', 'Specialty Retail', 'IDXCYCLIC');

INSERT INTO industry (id, name, sector) VALUES ('F11', 'Healthcare Equipment & Supplies', 'IDXHEALTH');
INSERT INTO industry (id, name, sector) VALUES ('F12', 'Healthcare Providers', 'IDXHEALTH');
INSERT INTO industry (id, name, sector) VALUES ('F21', 'Pharmaceuticals', 'IDXHEALTH');
INSERT INTO industry (id, name, sector) VALUES ('F22', 'Healthcare Research', 'IDXHEALTH');

INSERT INTO industry (id, name, sector) VALUES ('G11', 'Banks', 'IDXFINANCE');
INSERT INTO industry (id, name, sector) VALUES ('G21', 'Consumer Financing', 'IDXFINANCE');
INSERT INTO industry (id, name, sector) VALUES ('G22', 'Business Financing', 'IDXFINANCE');
INSERT INTO industry (id, name, sector) VALUES ('G31', 'Investment Services', 'IDXFINANCE');
INSERT INTO industry (id, name, sector) VALUES ('G41', 'Insurance', 'IDXFINANCE');
INSERT INTO industry (id, name, sector) VALUES ('G51', 'Holding & Investment Companies', 'IDXFINANCE');

INSERT INTO industry (id, name, sector) VALUES ('H11', 'Real Estate Management & Development', 'IDXPROPERT');

INSERT INTO industry (id, name, sector) VALUES ('I11', 'Online Applications & Services', 'IDXTECHNO');
INSERT INTO industry (id, name, sector) VALUES ('I12', 'IT Services & Consulting', 'IDXTECHNO');
INSERT INTO industry (id, name, sector) VALUES ('I13', 'Software', 'IDXTECHNO');
INSERT INTO industry (id, name, sector) VALUES ('I21', 'Networking Equipment', 'IDXTECHNO');
INSERT INTO industry (id, name, sector) VALUES ('I22', 'Computer Hardware', 'IDXTECHNO');
INSERT INTO industry (id, name, sector) VALUES ('I23', 'Electronic Equipment, Instruments & Components', 'IDXTECHNO');
INSERT INTO industry (id, name, sector) VALUES ('J11', 'Transport Infrastructure Operator', 'IDXINFRA');
INSERT INTO industry (id, name, sector) VALUES ('J21', 'Heavy Constructions & Civil Engineering', 'IDXINFRA');
INSERT INTO industry (id, name, sector) VALUES ('J31', 'Telecommunication Service', 'IDXINFRA');
INSERT INTO industry (id, name, sector) VALUES ('J32', 'Wireless Telecommunication Services', 'IDXINFRA');
INSERT INTO industry (id, name, sector) VALUES ('J41', 'Electric Utilities ', 'IDXINFRA');
INSERT INTO industry (id, name, sector) VALUES ('J42', 'Gas Utilities', 'IDXINFRA');
INSERT INTO industry (id, name, sector) VALUES ('J43', 'Water Utilities', 'IDXINFRA');
INSERT INTO industry (id, name, sector) VALUES ('K11', 'Airlines', 'IDXTRANS');
INSERT INTO industry (id, name, sector) VALUES ('K12', 'Passenger Marine Transportation', 'IDXTRANS');
INSERT INTO industry (id, name, sector) VALUES ('K13', 'Passenger Land Transportation', 'IDXTRANS');
INSERT INTO industry (id, name, sector) VALUES ('K21', 'Logistics & Deliveries', 'IDXTRANS');

INSERT INTO sub_industry (id, name, industry) VALUES ('A111', 'Oil & Gas Production & Refinery', 'A11');
INSERT INTO sub_industry (id, name, industry) VALUES ('A121', 'Coal Production', 'A12');
INSERT INTO sub_industry (id, name, industry) VALUES ('A122', 'Coal Distribution', 'A12');
INSERT INTO sub_industry (id, name, industry) VALUES ('A131', 'Oil & Gas Drilling Service', 'A13');
INSERT INTO sub_industry (id, name, industry) VALUES ('A132', 'Oil, Gas & Coal Equipment & Services', 'A13');
INSERT INTO sub_industry (id, name, industry) VALUES ('A211', 'Alternative Energy Equipment', 'A21');
INSERT INTO sub_industry (id, name, industry) VALUES ('A221', 'Alternative Fuels', 'A22');
INSERT INTO sub_industry (id, name, industry) VALUES ('B111', 'Basic Chemicals', 'B11');
INSERT INTO sub_industry (id, name, industry) VALUES ('B112', 'Agricultural Chemicals', 'B11');
INSERT INTO sub_industry (id, name, industry) VALUES ('B113', 'Specialty Chemicals', 'B11');
INSERT INTO sub_industry (id, name, industry) VALUES ('B121', 'Construction Materials', 'B12');
INSERT INTO sub_industry (id, name, industry) VALUES ('B131', 'Containers & Packaging', 'B13');
INSERT INTO sub_industry (id, name, industry) VALUES ('B141', 'Aluminum', 'B14');
INSERT INTO sub_industry (id, name, industry) VALUES ('B142', 'Cooper', 'B14');
INSERT INTO sub_industry (id, name, industry) VALUES ('B143', 'Gold', 'B14');
INSERT INTO sub_industry (id, name, industry) VALUES ('B144', 'Iron & Steel', 'B14');
INSERT INTO sub_industry (id, name, industry) VALUES ('B146', 'Diversified Metals & Minerals', 'B14');
INSERT INTO sub_industry (id, name, industry) VALUES ('B151', 'Timber', 'B15');
INSERT INTO sub_industry (id, name, industry) VALUES ('B152', 'Paper', 'B15');
INSERT INTO sub_industry (id, name, industry) VALUES ('B153', 'Diversified Forest', 'B15');
INSERT INTO sub_industry (id, name, industry) VALUES ('C121', 'Building Products & Fixtures', 'C12');
INSERT INTO sub_industry (id, name, industry) VALUES ('C131', 'Electrical Components & Equipment', 'C13');
INSERT INTO sub_industry (id, name, industry) VALUES ('C141', 'Construction Machinery & Heavy Vehicles', 'C14');
INSERT INTO sub_industry (id, name, industry) VALUES ('C143', 'Industrial Machinery & Components', 'C14');
INSERT INTO sub_industry (id, name, industry) VALUES ('C211', 'Diversified Industrial Trading', 'C21');
INSERT INTO sub_industry (id, name, industry) VALUES ('C221', 'Commercial Printing', 'C22');
INSERT INTO sub_industry (id, name, industry) VALUES ('C222', 'Environmental & Facilities Services', 'C22');
INSERT INTO sub_industry (id, name, industry) VALUES ('C223', 'Office Supplies', 'C22');
INSERT INTO sub_industry (id, name, industry) VALUES ('C224', 'Business Support Services', 'C22');
INSERT INTO sub_industry (id, name, industry) VALUES ('C231', 'Human Resource & Employment Services', 'C23');
INSERT INTO sub_industry (id, name, industry) VALUES ('C232', 'Research & Consulting Services', 'C23');
INSERT INTO sub_industry (id, name, industry) VALUES ('C311', 'Multi-sector Holdings', 'C31');
INSERT INTO sub_industry (id, name, industry) VALUES ('D111', 'Drug Retail & Distributors', 'D11');
INSERT INTO sub_industry (id, name, industry) VALUES ('D112', 'Food Retail & Distributors', 'D11');
INSERT INTO sub_industry (id, name, industry) VALUES ('D113', 'Supermarkets & Convenience Store', 'D11');
INSERT INTO sub_industry (id, name, industry) VALUES ('D211', 'Liquors', 'D21');
INSERT INTO sub_industry (id, name, industry) VALUES ('D212', 'Soft Drinks', 'D21');
INSERT INTO sub_industry (id, name, industry) VALUES ('D221', 'Dairy Products', 'D22');
INSERT INTO sub_industry (id, name, industry) VALUES ('D222', 'Processed Foods', 'D22');
INSERT INTO sub_industry (id, name, industry) VALUES ('D231', 'Fish, Meat, & Poultry', 'D23');
INSERT INTO sub_industry (id, name, industry) VALUES ('D232', 'Plantations & Crops', 'D23');
INSERT INTO sub_industry (id, name, industry) VALUES ('D311', 'Tobacco', 'D31');
INSERT INTO sub_industry (id, name, industry) VALUES ('D421', 'Personal Care Products', 'D42');
INSERT INTO sub_industry (id, name, industry) VALUES ('E111', 'Auto Parts & Equipment', 'E11');
INSERT INTO sub_industry (id, name, industry) VALUES ('E112', 'Tires', 'E11');
INSERT INTO sub_industry (id, name, industry) VALUES ('E211', 'Home Furnishings', 'E21');
INSERT INTO sub_industry (id, name, industry) VALUES ('E212', 'Household Appliances', 'E21');
INSERT INTO sub_industry (id, name, industry) VALUES ('E213', 'Housewares & Specialties', 'E21');
INSERT INTO sub_industry (id, name, industry) VALUES ('E311', 'Consumer Electronics', 'E31');
INSERT INTO sub_industry (id, name, industry) VALUES ('E321', 'Sport Equipment & Hobbies Goods', 'E32');
INSERT INTO sub_industry (id, name, industry) VALUES ('E411', 'Clothing, Accessories & Bags', 'E41');
INSERT INTO sub_industry (id, name, industry) VALUES ('E412', 'Footwear', 'E41');
INSERT INTO sub_industry (id, name, industry) VALUES ('E413', 'Textiles', 'E41');
INSERT INTO sub_industry (id, name, industry) VALUES ('E512', 'Hotels, Resorts & Cruise Lines', 'E51');
INSERT INTO sub_industry (id, name, industry) VALUES ('E513', 'Travel Agencies', 'E51');
INSERT INTO sub_industry (id, name, industry) VALUES ('E514', 'Recreational & Sports Facilities', 'E51');
INSERT INTO sub_industry (id, name, industry) VALUES ('E515', 'Restaurants', 'E51');
INSERT INTO sub_industry (id, name, industry) VALUES ('E521', 'Education Services', 'E52');
INSERT INTO sub_industry (id, name, industry) VALUES ('E522', 'Consumer Support Services', 'E52');
INSERT INTO sub_industry (id, name, industry) VALUES ('E611', 'Advertising', 'E61');
INSERT INTO sub_industry (id, name, industry) VALUES ('E612', 'Broadcasting', 'E61');
INSERT INTO sub_industry (id, name, industry) VALUES ('E613', 'Cable & Satellite', 'E61');
INSERT INTO sub_industry (id, name, industry) VALUES ('E614', 'Consumer Publishing', 'E61');
INSERT INTO sub_industry (id, name, industry) VALUES ('E621', 'Entertainment & Movie Production', 'E62');
INSERT INTO sub_industry (id, name, industry) VALUES ('E711', 'Consumer Distributors', 'E71');
INSERT INTO sub_industry (id, name, industry) VALUES ('E731', 'Department Stores', 'E73');
INSERT INTO sub_industry (id, name, industry) VALUES ('E741', 'Apparel & Textile Retail', 'E74');
INSERT INTO sub_industry (id, name, industry) VALUES ('E742', 'Electronics Retail', 'E74');
INSERT INTO sub_industry (id, name, industry) VALUES ('E743', 'Home Improvement Retail', 'E74');
INSERT INTO sub_industry (id, name, industry) VALUES ('E745', 'Automotive Retail', 'E74');
INSERT INTO sub_industry (id, name, industry) VALUES ('F112', 'Healthcare Supplies & Distributions', 'F11');
INSERT INTO sub_industry (id, name, industry) VALUES ('F121', 'Healthcare Providers', 'F12');
INSERT INTO sub_industry (id, name, industry) VALUES ('F211', 'Pharmaceuticals', 'F21');
INSERT INTO sub_industry (id, name, industry) VALUES ('G111', 'Banks', 'G11');
INSERT INTO sub_industry (id, name, industry) VALUES ('G211', 'Consumer Financing', 'G21');
INSERT INTO sub_industry (id, name, industry) VALUES ('G311', 'Investment Management', 'G31');
INSERT INTO sub_industry (id, name, industry) VALUES ('G312', 'Investment Banking & Brokerage Services', 'G31');
INSERT INTO sub_industry (id, name, industry) VALUES ('G412', 'General Insurance', 'G41');
INSERT INTO sub_industry (id, name, industry) VALUES ('G413', 'Life Insurance', 'G41');
INSERT INTO sub_industry (id, name, industry) VALUES ('G414', 'Reasurance', 'G41');
INSERT INTO sub_industry (id, name, industry) VALUES ('G511', 'Financial Holdings', 'G51');
INSERT INTO sub_industry (id, name, industry) VALUES ('G512', 'Investment Companies', 'G51');
INSERT INTO sub_industry (id, name, industry) VALUES ('H111', 'Real Estate Development & Management', 'H11');
INSERT INTO sub_industry (id, name, industry) VALUES ('H112', 'Real Estate Services', 'H11');
INSERT INTO sub_industry (id, name, industry) VALUES ('I111', 'Online Applications & Services', 'I11');
INSERT INTO sub_industry (id, name, industry) VALUES ('I121', 'IT Services & Consulting', 'I12');
INSERT INTO sub_industry (id, name, industry) VALUES ('I131', 'Software', 'I13');
INSERT INTO sub_industry (id, name, industry) VALUES ('I211', 'Networking Equipment', 'I21');
INSERT INTO sub_industry (id, name, industry) VALUES ('I221', 'Computer Hardware', 'I22');
INSERT INTO sub_industry (id, name, industry) VALUES ('I231', 'Electronic Equipment & Instruments', 'I23');
INSERT INTO sub_industry (id, name, industry) VALUES ('J111', 'Airport Operators', 'J11');
INSERT INTO sub_industry (id, name, industry) VALUES ('J112', 'Highways & Railtracks', 'J11');
INSERT INTO sub_industry (id, name, industry) VALUES ('J113', 'Marine Ports & Services', 'J11');
INSERT INTO sub_industry (id, name, industry) VALUES ('J211', 'Heavy Constructions & Civil Engineering', 'J21');
INSERT INTO sub_industry (id, name, industry) VALUES ('J311', 'Wired Telecommunication Service', 'J31');
INSERT INTO sub_industry (id, name, industry) VALUES ('J312', 'Integrated Telecommunication Service', 'J31');
INSERT INTO sub_industry (id, name, industry) VALUES ('J321', 'Wireless Telecommunication Services', 'J32');
INSERT INTO sub_industry (id, name, industry) VALUES ('J411', 'Electric Utilities', 'J41');
INSERT INTO sub_industry (id, name, industry) VALUES ('J421', 'Gas Utilities', 'J42');
INSERT INTO sub_industry (id, name, industry) VALUES ('K111', 'Airlines', 'K11');
INSERT INTO sub_industry (id, name, industry) VALUES ('K132', 'Road Transportation', 'K13');
INSERT INTO sub_industry (id, name, industry) VALUES ('K211', 'Logistics & Deliveries', 'K21');


-- NOTE:
-- Bulk stock seed data intentionally omitted for now.
-- Previous statements had invalid SQL syntax and can be reintroduced safely
-- using INSERT ... SELECT with a resolved STOCK_STATUS id (or a CTE) and semicolon terminators.
